areasymbol,areaname,saverest
IN001,"Adams County, Indiana",9/2/2025 7:01:58 PM
IN003,"Allen County, Indiana",9/17/2025 6:37:40 PM
IN005,"Bartholomew County, Indiana",9/4/2025 1:19:11 PM
IN007,"Benton County, Indiana",9/4/2025 1:20:57 PM
IN009,"Blackford County, Indiana",9/4/2025 1:22:12 PM
IN011,"Boone County, Indiana",9/4/2025 1:23:27 PM
IN013,"Brown County, Indiana",9/4/2025 1:24:42 PM
IN015,"Carroll County, Indiana",9/4/2025 1:16:11 PM
IN017,"Cass County, Indiana",9/4/2025 1:13:10 PM
IN019,"Clark County, Indiana",9/4/2025 1:08:40 PM
IN021,"Clay County, Indiana",9/4/2025 1:10:55 PM
IN023,"Clinton County, Indiana",9/4/2025 12:30:06 PM
IN025,"Crawford County, Indiana",9/4/2025 12:13:34 PM
IN027,"Daviess County, Indiana",9/4/2025 12:08:04 PM
IN029,"Dearborn County, Indiana",9/4/2025 11:55:33 AM
IN031,"Decatur County, Indiana",9/4/2025 11:53:02 AM
IN033,"De Kalb County, Indiana",9/4/2025 11:51:47 AM
IN035,"Delaware County, Indiana",9/4/2025 11:49:47 AM
IN037,"Dubois County, Indiana",9/4/2025 11:48:02 AM
IN039,"Elkhart County, Indiana",9/4/2025 11:46:32 AM
IN041,"Fayette County, Indiana",9/4/2025 11:43:32 AM
IN043,"Floyd County, Indiana",9/4/2025 11:42:01 AM
IN045,"Fountain County, Indiana",9/4/2025 11:40:31 AM
IN047,"Franklin County, Indiana",9/4/2025 11:39:16 AM
IN049,"Fulton County, Indiana",9/4/2025 11:37:31 AM
IN051,"Gibson County, Indiana",9/4/2025 11:32:01 AM
IN053,"Grant County, Indiana",9/4/2025 11:30:45 AM
IN055,"Greene County, Indiana",9/4/2025 11:29:15 AM
IN057,"Hamilton County, Indiana",9/4/2025 11:27:30 AM
IN059,"Hancock County, Indiana",9/4/2025 11:24:15 AM
IN061,"Harrison County, Indiana",9/4/2025 11:15:44 AM
IN063,"Hendricks County, Indiana",9/3/2025 7:38:34 PM
IN065,"Henry County, Indiana",9/3/2025 7:36:34 PM
IN067,"Howard County, Indiana",9/17/2025 6:19:09 PM
IN069,"Huntington County, Indiana",9/3/2025 7:33:18 PM
IN071,"Jackson County, Indiana",9/3/2025 7:32:03 PM
IN073,"Jasper County, Indiana",9/3/2025 7:30:33 PM
IN075,"Jay County, Indiana",9/3/2025 7:29:02 PM
IN077,"Jefferson County, Indiana",9/3/2025 7:27:32 PM
IN079,"Jennings County, Indiana",9/3/2025 5:44:50 PM
IN081,"Johnson County, Indiana",9/3/2025 5:37:49 PM
IN083,"Knox County, Indiana",9/3/2025 5:31:33 PM
IN085,"Kosciusko County, Indiana",9/3/2025 5:30:03 PM
IN087,"Lagrange County, Indiana",9/3/2025 5:28:03 PM
IN089,"Lake County, Indiana",9/3/2025 5:26:33 PM
IN091,"La Porte County, Indiana",9/3/2025 5:22:32 PM
IN093,"Lawrence County, Indiana",9/3/2025 5:21:02 PM
IN095,"Madison County, Indiana",9/3/2025 4:33:42 PM
IN097,"Marion County, Indiana",9/3/2025 4:32:11 PM
IN099,"Marshall County, Indiana",9/3/2025 4:30:41 PM
IN101,"Martin County, Indiana",9/3/2025 4:29:26 PM
IN103,"Miami County, Indiana",9/3/2025 4:19:40 PM
IN105,"Monroe County, Indiana",9/3/2025 3:28:37 PM
IN107,"Montgomery County, Indiana",9/3/2025 3:16:06 PM
IN109,"Morgan County, Indiana",9/3/2025 3:14:51 PM
IN111,"Newton County, Indiana",9/3/2025 3:12:51 PM
IN113,"Noble County, Indiana",9/3/2025 3:11:36 PM
IN115,"Ohio County, Indiana",9/3/2025 3:09:51 PM
IN117,"Orange County, Indiana",9/3/2025 3:08:21 PM
IN119,"Owen County, Indiana",9/3/2025 2:55:35 PM
IN121,"Parke County, Indiana",9/3/2025 2:53:20 PM
IN123,"Perry County, Indiana",9/3/2025 2:50:50 PM
IN125,"Pike County, Indiana",9/3/2025 2:44:49 PM
IN127,"Porter County, Indiana",9/3/2025 2:42:04 PM
IN129,"Posey County, Indiana",9/3/2025 2:40:34 PM
IN131,"Pulaski County, Indiana",9/3/2025 2:39:04 PM
IN133,"Putnam County, Indiana",9/3/2025 2:35:03 PM
IN135,"Randolph County, Indiana",9/3/2025 12:06:26 PM
IN137,"Ripley County, Indiana",9/3/2025 12:04:56 PM
IN139,"Rush County, Indiana",9/3/2025 12:03:26 PM
IN141,"St. Joseph County, Indiana",9/3/2025 12:01:41 PM
IN143,"Scott County, Indiana",9/3/2025 11:59:56 AM
IN145,"Shelby County, Indiana",9/3/2025 11:58:11 AM
IN147,"Spencer County, Indiana",9/3/2025 11:56:41 AM
IN149,"Starke County, Indiana",9/3/2025 11:55:26 AM
IN151,"Steuben County, Indiana",9/3/2025 11:53:41 AM
IN153,"Sullivan County, Indiana",9/3/2025 11:52:25 AM
IN155,"Switzerland County, Indiana",9/3/2025 11:50:26 AM
IN157,"Tippecanoe County, Indiana",9/3/2025 11:48:55 AM
IN159,"Tipton County, Indiana",9/2/2025 7:40:19 PM
IN161,"Union County, Indiana",9/2/2025 7:31:48 PM
IN163,"Vanderburgh County, Indiana",9/2/2025 7:15:45 PM
IN165,"Vermillion County, Indiana",9/2/2025 7:14:15 PM
IN167,"Vigo County, Indiana",9/2/2025 6:16:07 PM
IN169,"Wabash County, Indiana",9/2/2025 6:05:20 PM
IN171,"Warren County, Indiana",9/2/2025 6:03:50 PM
IN173,"Warrick County, Indiana",9/2/2025 6:01:20 PM
IN175,"Washington County, Indiana",9/2/2025 5:59:19 PM
IN177,"Wayne County, Indiana",9/2/2025 5:57:34 PM
IN179,"Wells County, Indiana",9/17/2025 6:49:11 PM
IN181,"White County, Indiana",9/2/2025 4:31:08 PM
IN183,"Whitley County, Indiana",9/2/2025 4:09:50 PM
